72.87274418507948,158.45040592303422,-16.510182730565788,-63.05235039984074,211.827736516559,21.142940673002258,-141.63015161097405,-55.931614055046225,129.89650420217194,81.79578890755178,2.1408549069073217,-61.35911972249211,-72.20721956337013,-121.78550604881673,-217.99342091921085,-27.481484743250356,-50.51498826372329,-187.1924277925644,-130.18699635624375,-175.29654993128526,-329.9215949472656,-96.83981694311991,-38.38018928505666,-65.35596909448293,-133.11700390955338,-123.30381311769949,-58.640920657761,-147.92570783081823,-122.64301821639347,-242.86949894708656,-190.98844520181333,-127.25184209105048,-154.8866024584964,-96.01618019539548,-35.221007760063415,-15.084770352629377,-75.31424137832289,-36.93657303572758,44.34509232113147,-78.16359928724455
-174.65158961605192,8.051888179473977,235.19722377749048,200.63785366313874,247.71043485554299,147.55049110958376,179.63895988230573,71.13750543256381,254.1927558662363,28.89024860499056,-60.452153360310625,-74.06775830033897,-86.2897450308547,10.354455836298094,-23.986909588294388,-50.35941683042704,-54.46958932679015,-30.216401437774763,-63.58185132631385,-62.47942334294728,-31.06841601326294,-26.04270558014347,-9.48115186441321,-36.50097163534976,123.81109847134708,-75.70170081443398,-84.52609478209229,-185.97466132361023,-144.73486929227533,-201.85581777032561,-15.307315055778787,74.4927572891096,-125.10299970104978,2.047753613731137,-7.863088712259433,-4.199250854459557,-114.57748109747246,-39.90244815049619,46.593917595002964,39.72769892598352
138.2952967622789,269.7401043246152,383.02735093534164,79.17565317751652,91.59071214271276,164.75279610153524,157.83137013660635,238.3710887745334,12.947716656424546,-4.887841973234011,40.82317207642975,89.59752359530205,287.3905415096104,92.01276186966591,-107.78587274809796,-32.48521282393036,168.99056232277755,34.108973579535956,-0.22229121359973902,-56.19024881203819,-83.05185780338142,7.872388946956534,16.36174857347112,-24.76776191202704,100.46706191062049,-55.829214430152135,43.78848817583055,33.68953570249375,-183.94918482146645,-33.96112883034743,20.16077714163149,-33.37073764469645,13.113006204433153,-74.53013599188091,-19.395524109658375,8.59175794867312,5.193256051760862,26.706009537929653,169.48007904613138,233.9696035526003
-327.8085126989077,18.92410647897802,-97.15076351542737,6.857676309829728,-289.1470680221911,-85.29852637857398,15.5985400916937,48.9953468607184,-249.8307353965676,-77.77562090813697,-38.10053251757547,-32.78158665724389,-244.83823880190695,-294.72008355416233,-359.73237429711867,-329.6994057684643,-66.7715398406958,-102.08694077102996,-188.97562448384775,-169.3805972468632,-172.91506471120246,-261.4380023623462,-243.52925303163082,-68.52994179557207,-15.615917560518035,-15.070765664224714,-285.6276564270704,-314.0188183654874,80.13414742396327,-127.24874422350197,-381.4888108452758,-854.6470233165608,-344.4916401337118,-137.75669892044525,-116.07086823487185,-210.92713672211556,-168.40464448363326,-198.61580533688624,-223.46442368238263,-173.02647039093188
-316.72653869126333,-148.250327699658,4.287046299488651,-55.80737144493673,-339.20384981073556,-139.76654687916752,-20.825788554634272,-79.64517893740873,-84.17761044711118,-23.542739228663397,-66.95955107025391,-92.80657654692438,-40.66484553366297,28.906699995932954,22.60434983739978,90.98209817326394,53.68637107339405,64.66437019883907,-68.0864427446361,-153.48277627369043,-287.660737934946,-333.5529980740447,-190.06370502300734,-232.74075738741368,-83.30755420385213,-291.3357619545057,-50.49436838953135,-159.63184219297386,-56.29884008974068,-186.05622802265586,-191.788275777886,-140.73765591500637,-359.822460791512,-72.87268696070447,-38.08971493036872,50.82805037375627,-294.7501522350056,-93.88749218973197,120.75672396831843,204.28172199172337
-235.62379086542853,-73.23209941686905,2.0174490243900323,-47.43154866392335,-171.9079626951226,-179.35983931332586,21.52978105021943,13.999605889522229,-59.101056784361965,16.55464232798107,15.365796118765843,52.853285500422615,25.51058050834157,34.87170085652136,61.234456187637036,-26.280852556490984,205.95544166884446,-78.62547194089015,-80.14769243153135,-62.15826221456342,194.2081753078458,31.917342085367814,-40.34228970563982,28.515683022001088,-83.23282946482819,-76.22459789918247,-62.82940093783968,-73.68772297633129,-55.56342348816676,-43.16299433055411,-56.719895854597155,-117.39457398818433,-215.8485013798845,-119.63124746997131,-253.89435472045437,-517.2412268136075,-333.8039316152171,-315.40011276021966,-382.3598061166674,-382.20861462987045
25.740643121282957,-16.504647737562195,-173.46388277058972,-222.12880249141224,-219.52108653691204,-268.5493115704827,-278.11790655277986,-233.14341696843,-29.728811368786623,-140.60176226974755,-144.51936440590475,-168.47627083256685,-109.55153342835145,-47.57598535137033,-139.96772343413005,-173.56131446874255,-27.72693541381812,-88.8160196428991,-193.15478586956263,-194.89315248031707,-235.05817682149438,-886.5587150321232,-968.1519314942451,-603.2283540684273,-944.76888181304,-994.704089728937,-991.81722213517,-524.0640242577801,-391.1839785998159,-377.7081367912398,-848.5109763095734,-624.2691019837549,-201.06013909486143,-248.10497153862013,-193.33403040600413,-96.35611279681443,-369.53654618959064,-221.16278499179538,-190.87071060026744,-223.8443191010085
-708.4513868548379,-747.0630737655893,-199.39292228790111,-151.34262643927443,-403.17070980368305,-553.7243731818669,-274.1293976785922,-240.64531006118608,-239.65679368420103,-329.96330054650934,-275.8221434396482,-674.143959305902,-798.9296942904915,-305.52320429954176,-286.63191309198464,-983.7994294044797,6.203017142496604,-221.3838145125398,-289.64884328431054,-324.1120675893652,-161.1447227330404,-83.18244180716104,-48.112893906788514,-31.060194256263806,-863.8500479041661,-223.40892025207793,-330.3102655954787,-238.19580337791066,-95.59364597283289,-175.3114087192777,-175.7484769794318,-298.1265770655157,-510.27422855636974,-318.3377392615372,-410.2717602195844,-297.8449895487613,-341.54889276055263,-334.21790148018516,-456.2443957603025,-225.8528151659889
-406.99448292440565,-260.441690112092,-191.34764145666063,-37.90596313032694,-222.84464563682383,-5.5609771784005915,29.35704866637624,113.57508191953671,110.40335496441601,-8.364924411461178,24.767044207479827,34.681783850254945,148.22710455815593,38.354852691505656,-58.04945952984398,-157.98178448954303,-581.9832575738119,-263.01722261189747,-303.0391539323644,-222.63702459794155,110.53126817121371,70.54517716264971,-67.5620788959844,-59.90817947994213,177.01437402664612,-28.971815948175973,-72.62045606399154,-49.69872719105394,101.25728061574927,6.065742331026165,-140.9798401695213,-95.89905286480494,-60.5809211653243,-99.87689475728459,-202.48241935930267,-78.43564757686943,-232.95903589756995,-136.9244026822662,-220.9687888236793,-94.5108338308432
144.8789153827469,91.62518678588728,81.29583990589632,146.14233082328627,59.82373202337681,33.840737280474706,-2.0455364753631073,141.45815801311866,33.5903607507192,201.0845506659304,42.24030171369612,-15.817481502516571,-109.19685938246062,4.388247892895265,149.57861944663662,65.80880077861279,188.38595954368284,179.4583628428666,77.98411630090148,-15.419077770857974,-95.89658552562673,-6.095241773875607,-35.24572653708045,-37.99297613481231,-23.760965973718505,-186.48356251014155,-237.78812678950823,-282.4001013083799,-961.7657288979558,-262.65266621000495,-302.5867836124354,-212.31160277751292,-26.93475429681363,-64.40992813153505,-29.297019455367828,-84.62487729332801,-136.74046802240503,-109.86984621319044,-107.22725129352861,-57.87285040495405
-81.56429009480468,-227.7088656907585,-154.5014142624327,-92.45733370897142,-62.68871438778382,-172.97791356337785,-137.66614841671645,86.21844175116259,-3.7831492101181823,-82.67221102796091,-78.43179177177352,-140.15393080222782,-74.17903430525796,-79.59796502944798,-161.00176642752365,-153.55937185020986,-151.6396473942467,-70.03623873010817,-179.21293577317562,-174.3126223442427,-215.77565205516868,-64.69887423666202,-84.83537225949705,-44.07169170011201,-11.111595473457427,-84.13757657719066,-171.63134760995416,-187.52634509502093,-7.611929038405705,-76.87490587796088,-99.20595017076421,-24.342869542378565,50.95283469024359,-35.390309631206875,-119.15209321056668,-199.36467752302036,-404.7780478130876,-278.018370441331,-131.16805585877728,-146.8512611723516
-333.3354098849504,-185.91819153924516,-248.30600208247466,-120.17220068748814,-337.26421438049294,-200.74952968381328,-185.18969705652907,-227.32805229821466,-3.2484940599157213,-229.0754048664333,-157.47309734991026,-118.03175330841279,-182.94781354366688,-154.7586764609408,-103.00963513318183,-199.60394066313023,-196.3238111471825,-150.02178063969683,-231.34423421167705,-253.2886498249523,-321.5263730953431,-541.8079527664523,-183.13527338914992,-67.13426324595906,-303.48642601507095,-170.63542011672902,-100.70992431653818,-58.82046132195686,-83.84609095528847,-93.84362657721819,-247.69963670064618,-153.8845276159613,52.10400926509061,35.06071760877832,44.55059463440015,0.18921902881322694,58.619281661046784,30.420737261425266,0.33349947598424823,-2.680083137900226
-354.08164243573367,-253.76362260949827,-286.2286892668502,-174.40508730976384,-474.6878469545482,-241.38454137280124,-246.03292315756232,-159.50820333625586,-211.2919911964004,-173.85110897485404,-88.95027316135238,-111.23378806785857,17.44413603213698,-49.92621185727177,-76.49361378251174,-132.16553034657528,-127.97353128039897,-139.2196891733218,-185.57790153278776,-123.33246222983334,-71.91937661687155,-36.09637689397144,-80.77160420766417,-104.78303029102332,-150.0612387577239,-102.09522343602147,-48.5523272407018,-190.732278835343,-346.915381453982,-383.52562755516254,-262.31119446316495,-161.71593026082894,-327.32691465228413,-80.28024005767003,-119.85082102513715,-34.657984868512656,-880.3028465008905,-256.31731356906073,-134.33883375866728,-64.39216590232672
-82.50803737284775,59.3692823259276,-14.127028527616167,90.5302300095369,-146.587286917298,-171.78506583078362,-140.7567605087719,-92.53514541198061,-34.74982515815478,-147.78884727947133,-142.3303132241162,-73.54728338677921,-233.61699706754578,-242.20463887974864,-109.15133658813994,-101.86329791568618,-57.4763180595281,-110.07413283764674,-171.19693674401879,-269.25206216888967,-263.6791925246964,-364.793720086662,-305.3626606482832,-303.50441182574684,-147.7226361923918,-307.19059676310235,-936.083724323852,-685.7385836173354,-411.6972586113519,-830.5716056973463,-843.1738272486847,-127.79513873890231,-325.12576373775147,-125.9327456990849,-230.0796747132338,-282.7176576739157,-177.25074431920038,-406.5334595901595,-184.51070433274288,-242.32751578210468
-229.96346091959674,-63.88966693495641,-81.8546010581897,-126.22501161907071,-407.78957373902756,-213.08347311251347,-148.26199677381396,-37.03850632642086,-146.77941575352912,-194.12803367221295,-34.898904967819476,42.69868067515461,-71.79981264512045,-200.83582402898242,-232.98941959632464,-205.86784148423493,68.04611181536939,141.51508709519203,201.81207402503753,114.34361327946463,-126.89250710207853,-148.82187607836394,-10.672806874055308,229.71711656301008,57.03110165900588,49.104463077555494,28.751519571442145,0.4845160439018823,273.9727782307149,160.14273857220303,53.02451403302123,-26.300079044449404,28.308537122114327,-11.759819889683385,48.389899117234734,23.820584313376436,-37.886416666173716,-97.15752455119032,-47.72979592200145,-51.03714393184167
-803.994707753788,-135.11021301733217,-131.4346576170571,-76.25017325306189,-341.7801347374283,-330.06398843793545,-99.98407455437209,-165.803829004453,-113.26685649510102,-106.21722998794193,5.778699593215869,125.6565284744605,458.43051951497193,108.30079172778193,57.087549549202265,86.00563059918683,258.4082882935984,125.7507416475826,77.38097597508063,19.93505105615497,-20.412829581205507,-47.990560487737916,-112.67208458570326,-138.01771569675213,141.1449800184312,-70.16154381099565,-234.51057017190837,-217.71244094486732,-114.51778508713424,2.237367944103717,-23.32039358943424,14.059141256145002,-247.21652765337006,-23.090596029004963,42.34451532204729,57.31509616044437,-15.382752358729663,22.58551896289414,48.410640553887255,31.821449516595877
-144.46040873968775,-170.5908486713836,-64.76109344276979,34.96933179249482,161.08647501913146,71.42606579686962,-72.0703407730467,50.566212774312554,29.684582971735068,54.271775024786834,25.73348704063416,55.89830389245149,-73.04070816302215,66.3990903550321,84.14113448881164,115.71362229021237,3.240839627390956,-53.382769013553975,-63.71586002871104,-87.96281895814074,-108.93879561352371,-43.93907693082564,-10.960997504638787,66.08105252700626,88.14379080042126,63.91589943667455,24.6258339321799,173.52661843098667,68.27324413994403,148.59892292608419,173.4081722036895,7.12350775240284,-36.85070759165084,-122.1960371944165,-11.963207526170933,121.59231067680369,-75.1105989584574,-19.403720710650006,38.31635686048949,0.41452294835637815
-485.12885220917127,-331.9590850116826,-248.4648163034395,-323.4547846934297,-940.2617483632407,-330.2550434605302,-239.539430274763,-217.5158349326411,-270.4233974516722,-78.70973116991343,-92.4933083746016,-58.33510343129906,39.87449440766438,97.17970373248062,-61.924376057304784,-39.80114148488545,146.69909916587346,54.77979360133396,21.446486294519726,-124.4007301047848,-363.6520706727951,-168.59384891382078,-164.76811997347184,-261.22314944850706,-142.86484207557623,-80.31255438639542,-50.965007001273264,-17.481704533619222,-1.8046571625244212,35.2852941362492,-92.19305750414054,-52.47039930239821,-740.338475801222,-750.0053162542814,-221.80453235885946,-219.93651896346915,-246.24767898439333,-378.78491218997084,-338.3190256341041,-175.47401337875925
-223.2753125584076,33.2725472319262,-117.94043394683362,-5.367774178619669,37.001980509723246,-40.49288335279728,-13.1011094910367,23.884570326308165,-366.9770113091869,-189.22596745377615,43.19187654874512,88.2037798294659,144.44084801916898,0.05143871848448356,-12.776499827096622,244.9705571995911,272.75408332112266,226.067650205268,175.25432249771052,225.4854754457261,-223.91545745956984,-123.5314452862435,69.51404603673853,235.01409665295262,-48.99635313934829,174.53006929803684,29.108648760862792,-42.457022143707334,97.74568858928718,73.30569418446316,151.16901815859896,187.69807724973765,3.4352550687016645,198.69233167137787,48.044558073475635,79.23790931492452,6.83869295412363,5.654926679412814,-27.03468792849494,9.037419356577438
154.2804125144586,-78.29428977215554,-120.49975969661466,-114.1929442878532,-46.26988797223726,-123.95219009221094,-77.93190342057568,129.11868674739625,-28.472486483172325,-58.01367676903023,-86.49522904962072,-22.153868705558473,-197.82442566139218,-105.974145695781,-85.47159887511609,-120.06516982363013,193.26489265512276,105.48582121979126,-13.675266091275013,-46.01808943068274,-196.21313224596955,-85.04333174032665,-86.53984382185308,-13.340832688554439,-144.1784759861666,-167.66000044816144,-85.02993869239177,-94.37876429660815,-111.97557949795598,-12.379063574271846,-9.346054467045747,6.517580647696538,-106.86748750183723,-82.36073510369924,-84.40359049673995,-69.97737516466694,-90.98826508854319,-276.78414547420016,-460.3396320735141,-462.82870687715007
-141.10229646150515,106.49725431642119,4.169585191352695,80.85613207627128,-109.33621429959217,-118.6055611156723,-80.31166663432343,-50.411845762434226,-17.193997837977875,-103.92629319570653,-72.96463955059727,-43.95674353470075,74.06953565714335,-37.51557418097916,-79.33616734603474,-71.45613185268306,132.49759846596487,32.754146204369675,-55.74114017740495,-104.33378934891587,9.819773868538526,-36.52871092189847,-89.55416715046793,-78.90151769811565,69.71877369568264,13.29910077428379,-89.34227918887301,-131.88539422855516,-38.469935135110816,-86.2510808659288,-37.054870116575344,-50.52048574931653,-203.56867907508408,-109.19796145987726,-49.180637361949096,-48.63597779445227,-219.67298655526537,-169.60538530664866,-76.02107199094797,-196.20484096168772
-269.3475000702171,-297.78666610305015,-184.68474197036073,68.29239747669122,-141.5493848716258,-209.48355690053884,-111.30369552001264,-72.85196688113493,-86.1816611768535,0.8045417484774475,29.26716553349784,63.10686132280436,165.34094846821841,115.27053147608389,697.3039556159868,791.5978655140216,145.22657190227127,78.53915660494263,91.57178479554969,121.51650856611133,-123.81062781014805,-81.21131557811339,-80.97507001051943,-6.738352124883846,-69.0376991554492,68.6002292753562,28.869844550783355,110.98164713936931,-180.1634457913157,-50.427483179167155,26.577109106802958,46.91021394671579,-327.22360894498405,-299.45409980578785,-230.29092164735889,-47.65659319538598,-250.98230171139522,-157.57784443765362,-91.46915994504351,-4.2077111794586415
-83.20155073662558,-147.7884108971561,-108.579524099146,-91.2633990625801,-39.37344585649075,33.41156891839347,-38.30681985390767,10.77357768890073,98.71575526889487,39.083482435441184,7.85495071979345,51.49836633560045,-6.603261704237902,65.50878247747815,6.755489977498144,59.534939262053925,-47.86545866300757,57.06229889265521,17.170169293500358,174.2902722103879,112.14157393530013,44.884141226535206,-47.449881444667035,-62.49385539567733,23.37870074632161,-157.363892256757,-84.8588875288726,-52.42914605835842,723.8505307578317,100.91465670503311,14.904394526616308,-42.06623988488657,-153.11959534335747,-135.26368917751054,-12.87962222362497,23.371383730467855,-131.46835310241087,-43.75362116180909,-61.522590300784685,-40.07356137756936
-217.13349725151136,-66.0447496000316,4.66414410449222,-55.83715982424259,274.5158470349373,74.21093562721475,494.9119052681468,80.71863618051556,101.55090556809986,133.00185363153997,44.84257212604485,83.06592315830153,40.91275185207383,59.741147043926446,18.993396092182053,14.049302233133226,129.43519734992108,3.1529162381587383,17.231199752944732,-120.99003900828113,27.283535860769625,21.320928353816775,137.68962366484962,218.25010948168784,148.15833610862956,656.0143793613438,346.68960030230346,54.23697552432539,233.07791153396957,74.76817219752145,91.27573452510202,192.8422594618844,57.418497996032016,112.91977666733273,156.68052775435618,207.62744783019684,167.57690910706344,170.94891912551057,391.27296537740875,193.66640042125235
-87.74535895657382,-106.7367723584384,-133.1749361697911,2.8174695549859337,-209.2324384967455,-94.5022516563997,45.17218908141207,92.33668670852076,37.29589489358146,-90.25828105885958,-41.195581922344196,-148.0093767102782,-37.509377933914614,-130.64162113268208,-165.8809976772368,-234.31402482119927,-80.71112434617261,-15.385752965065539,44.359067796068786,0.36942317262425917,-123.25373179239378,-132.3305685039188,-131.4983185964307,-159.9265940781995,-322.9281371046603,-166.4709154812449,4.76245711629276,-276.7548776862559,-284.84657650348515,-166.59508272638936,-89.0371123829859,-35.054555932720554,-264.28074086484423,-157.37279179073488,-114.92350321737817,-140.65987734673087,-88.34310537595567,16.5273401846404,114.57874727980888,151.67534215881656
-137.2408013212942,-146.63505654179775,-153.7595788908634,-217.5560898961774,-452.4639326405492,-693.9654199264296,-31.803277286078824,-147.4943605434303,101.60817044780607,-98.80305690953864,-70.20887632078508,-77.3988965849989,-44.97798253347602,-13.847678158343932,22.134006486592497,59.12769515172475,73.53003564600617,121.08622432486048,86.59634842667899,-47.552103597443754,-87.90440897323892,-44.695370541535944,-81.92905772118732,-227.1801858303637,-182.74044956530153,-216.2987628890412,-117.98617940621844,-271.8855026241332,241.80254105165153,56.432614223247526,-52.02193823617262,-51.874148922108645,156.25726358636456,17.19749223297522,-198.5599886887778,-257.6281072677628,-28.863778822590305,16.985947885350146,-125.1363332091348,-166.34355063874793
98.91751039833913,30.270383270769745,40.48028023404697,80.07702146563608,-116.98791153778826,14.22297782026309,99.5813389869389,165.09528266304127,-641.3088510968851,-30.74539187795302,-137.7701326030777,-0.41335542147003856,-114.74900344601494,-33.157382850479756,-134.70788281612926,-38.31886123609296,64.42388159943651,37.09281266872394,-50.82952137743079,-36.996538118790156,-119.27292378032959,-116.97986972293448,-97.03263223126176,-35.09540461919715,74.56664320243506,26.893510426500253,215.30765959283548,196.3700730732524,-12.550540570685548,179.80834950397877,40.45496862520787,-75.21291609266089,-115.54448161948966,-80.65247294676774,-24.15589614686572,-14.526168887761749,-117.84656535726188,-73.37985094785515,-118.4960252063735,-167.8096963088787
-164.1643420374882,-337.6223949114177,-179.78144779115289,-72.30861068058815,-437.3858100858895,-276.1228166717417,-269.4515093300053,-86.21258324200659,-246.65419895946553,-159.83337277949332,-102.8817476989356,-60.982932367039254,-67.17908184956221,-38.81881643124266,3.1941682415082724,94.76893597208229,-1.304532631604162,-28.02349004441667,-46.76097604243256,-19.08997836397134,34.548270005157505,-54.287492198152115,1.1846618654687475,58.45416902424103,94.65425711613011,167.0315016129021,-26.029470773840252,-56.471402560947624,-115.94373227851356,-181.49589025157917,-112.19585539873516,-60.162449205906825,-266.27150483532586,-112.2822355958562,-249.97599688351247,-163.70185053786972,-218.87356239850595,-213.84184754889765,-155.43904193956072,-128.66733195579693
-76.39811848645839,66.26080262383522,18.21857691118979,-35.02299859267325,-166.65593483138883,-72.75299334059986,54.01788925604747,146.24159107023672,143.84036783226563,49.87573503612557,27.184001866764106,67.82341597789852,58.67440987549833,36.16055378807167,3.1069578085525578,-41.81955862129318,95.9417876667262,86.5661926690546,86.26558520335696,92.44744800694231,22.38926142651075,114.1267370826726,-34.50449269800813,-49.88883128427094,-345.8554033852464,-290.41190617281654,-122.37494838589816,101.35123467035082,-410.42397532465117,-112.26506799351291,-126.05289810362471,-18.966123486708447,-111.34100400991316,-99.58351998619403,-43.93947994591782,-50.873280940042676,-295.5420774382954,-221.51858192343929,-226.59281803346832,-334.6809196562899
-386.7370674894493,-259.67350344716414,-101.38489406923766,-103.08564667046662,-264.2428840100363,-51.40747876176482,46.32859759204429,-54.933934829927,-52.376951835098836,-68.87500246381917,-2.5405960332572413,84.77463593473561,60.16581376978955,75.66476503290916,102.99910235841165,111.5457120942451,54.100812995836286,-36.06766723130872,-97.7092314665788,-89.37998525825431,-113.12117460260166,-34.34595913124116,-90.66363435848403,-64.14016097194653,-122.16623086664026,-130.3185450955395,-153.12580939170493,-103.6496869514169,-363.34842555894124,-178.64770638456523,-207.0449024895517,-212.08315610378543,-82.72024167140145,-225.39242750571196,-149.55441416916858,-67.99474494095745,-185.0097285100931,-166.29565162528962,-277.6629095901598,-71.78361234095615
-221.40333567491933,-57.28019647190541,53.76132685597034,125.70001245070577,-177.26903592606226,-17.147432460382568,10.455606350814882,100.16679329690396,297.10558521858286,110.17054901427926,125.80492905163027,263.7479853339617,-11.75376776195495,-17.252250122619078,-1.336387331380159,-25.783041013073486,70.3719284651166,-50.81682847434646,-91.49231194841094,-154.66065886946197,-62.109527426588954,-67.02939227783054,-277.81071106486365,-165.5502638646354,40.75649259308279,-9.92790880089635,-119.52159862105555,28.745253657204238,91.28876347930924,4.057754573211341,-42.11076724314647,-105.27485057670656,-343.40932271224176,-243.82021837756508,-180.06395934180622,-47.018552198476,-115.34580052544712,-236.76152906643028,-95.96183160409936,-137.72640714306175
-107.7027917092507,-198.98151249195965,-159.16985678113184,49.01337336551815,-240.98310823136615,-182.40277884755207,-432.60518989839943,-113.71496529715813,-308.86232320019224,-78.22934518053418,19.786047868396352,33.39257629808911,-112.64531055085413,-162.45717273279192,-164.11720617634822,-62.6047725174113,180.44722752026814,47.565745138860045,49.534551041746504,13.044359950930357,-108.70215639109418,-28.602513558047477,29.859955911036877,-11.90783815987178,-54.22635060679174,-47.81342730332318,-124.22223528130387,-44.69552229070637,-3.8075338525018765,-19.215466341146914,-23.46583258703516,-198.0942589417591,-57.17816684364249,-130.6274039804487,-95.87251928098546,-141.8741510576313,-89.88720236990129,-84.69466751486071,-66.86267896838378,2.63793950770863
-390.63001105111186,-168.72579055159514,-110.24768074073825,-3.0637710255383226,-126.90755151797707,1.0627823972623247,-1.9870149011216842,29.157534201817697,65.09748712661518,-43.805985113939286,-49.68583394423732,-5.749928398573272,-76.24159357243312,44.793733302863,99.84683515390778,85.01870550978626,40.474197736385534,-41.778005121502154,34.7536689198964,2.2696899292049224,193.70007994091853,12.26792181002292,-41.33227323633678,-148.3447011551578,25.640059079955215,39.74504475542083,-15.629072648436669,-57.45663966329427,96.7787775623305,21.790973575627717,43.156041401834614,-42.46841185001847,-10.230718305462688,-29.910884700553588,-42.013006091702366,-87.74362058873044,-219.66553754662405,-4.104163948123464,-71.79296214287966,-28.117628081200287
-131.19021068345614,-21.441190991993203,-112.20300419636064,-63.89299202215871,-64.65495459981477,-68.53580646320685,-17.92530791986421,13.524002055100837,25.621715458751837,-43.35327362516405,-67.01965636413522,-5.202346235807041,-157.74040746276006,-56.205502074879334,-132.63602263332356,-118.5669964879016,-176.20751353377682,-85.60478634510125,-181.4127909606256,-226.6893583068031,-232.01964009722553,-62.547130372012106,-106.81392426424512,-76.51052749156086,88.19837931202052,-16.98358050276812,-106.46498725458493,-72.4601476462393,-57.03848053284861,-69.60467524566795,10.27200206949216,-20.580521417245976,-520.5082427994878,-124.20728865910147,-126.28453671201798,-94.73356046879859,-111.23661771789838,-68.06923766047055,-132.64250072047628,-186.5456777677182
47.08548061813975,-116.87397027322842,-6.040598095407077,29.905469610664618,-150.0593081513419,-30.03335116578893,0.039846928931432046,88.30737092589617,-78.06533972003429,48.56048608616539,65.41657138829079,98.1587847585692,141.8879938226482,158.78868592513152,148.76568396524317,122.3016238775548,174.58140623195774,42.51041334842819,-22.7807725621451,41.45271064057812,279.85772701352187,56.007309671608894,-50.1809681046689,-6.9218908733782385,-137.77186188066048,-6.481153677112864,14.182434886381873,145.57797091084905,30.436797275035573,121.58164672527136,156.07560165912437,103.04650828241286,-100.46724078346581,-78.49438682900397,-128.56695247582437,-59.84932288171762,-299.6267143506881,-212.23084910129347,-120.29556240746624,-64.2035998948395
-305.9116440713787,-66.10323321104464,-34.37643052799086,27.030447301512833,9.401053066925591,13.630531474561899,15.062727123067432,4.50478967049844,-266.21780227205824,-251.38406844477413,-273.604694449247,-13.04247177083029,-53.584994805463054,-160.50422150810815,-253.3600953572507,-116.58179405171462,-126.52873143034681,-50.62710772646936,-73.05150301531808,-108.61923924631165,25.92712122010152,1.9890026859371446,3.367253919501408,104.33946833328082,-82.1061784062261,-39.97567855241081,-127.38934278635519,-37.31147563299107,37.986939348016485,60.45845892229042,-41.795628065615176,-46.31515673566654,-20.620361711342653,-102.99667898957935,-101.64095945487546,-40.59542410737093,-38.57929658351682,-80.49285212369332,-72.88781127056845,-58.06030943738894
57.90134889143744,48.44487371214829,73.43589517855949,-15.918073600549072,42.508493350489466,-60.17542835441333,32.826627554293566,-27.388498757698457,-796.2896078754305,-844.1602025465791,-215.28520911190495,-198.99915224183798,-180.7387666810959,-178.88304805111514,-300.28235590590685,-240.95657458521174,135.13828484980337,3.2930201792631237,-74.12126609844626,-122.78519218026193,-85.68351887154083,-94.541804144009,-125.22974057633046,-128.7916361736195,-55.951516266746324,-139.6188595614962,-121.43342309326319,-120.54798315294859,76.47015912881628,-91.45486923456949,-76.6131516629722,-99.62590720638339,-43.25626629069362,10.79405645354868,-9.838757784611175,109.69173166227482,17.05594724026606,27.191400408208118,-12.948883560553199,10.831588271041817
-164.82059082793643,-43.219077022338226,-32.48464941263174,43.94756688481587,-291.0190621232465,-94.41600396701176,-28.732495854959467,66.42774161401799,-97.28393361958382,90.84821425431866,71.60713381257666,-52.727883526284586,39.710534477549,7.790417623212633,44.46797322179318,68.35801214687253,158.0425768122413,40.79947985528858,31.927023435023468,8.972690400581463,-74.05613486274301,63.56693741022066,114.32125582805952,120.9568906430249,6.251468122720382,-137.8961458003203,-10.21694006341832,-57.71265748651035,-80.59324320904618,-83.47087502247246,-83.42784885044605,-68.12757453731973,201.2704546574096,163.5255638251957,135.5955627350964,2.3949524971809595,38.5926160905579,-70.62666310015013,-243.68023074470173,-325.23127792472354
164.65569850750492,19.53522197717031,-56.5011954773722,-28.226067522492507,-34.586708024456044,61.08643518557117,-55.292632683091526,8.06685429894749,38.91593126846627,99.6523844554967,24.075363269806147,82.85398255813024,-99.88763526609824,38.46928671542087,155.989695803541,136.28476620552735,1.2597720651645603,-57.55921856867772,-46.96337807951021,-48.78886221356306,-68.8910134709943,38.838122514670715,48.95716818057272,46.891573009670026,17.09242887162128,36.180433167883734,13.304532314153377,-43.59735203640939,-52.684099465149146,63.89824000684527,97.36739522839818,110.68220043148841,124.23855009941705,76.95102016474172,-14.570148524250122,32.24809808402243,1.039640776245701,131.4947749748587,-12.07974744901663,-74.58135455471066
108.4718295537636,-79.7339454803896,-145.41985208155455,-41.49957335017102,-312.0236270962165,-219.71187407964325,82.25180765031058,-32.05333781853972,-76.81433260579398,-156.18517990115743,-24.526654373972104,-37.67423587067031,-177.26981901506173,-32.84580006425852,-75.98982876964828,-52.656523659049924,53.19798814939108,11.125174403212501,-83.07687416012749,-36.90063991650835,-28.817541666401137,-67.53005193689782,-79.85230110940705,-162.19196707349795,27.99785776032359,-5.048822484895723,110.97541673000218,54.963708862908504,-5.314344401892004,-20.043332449451313,-39.13271636996405,2.169660938780652,114.35716277502794,-47.54161064905996,-55.30536744266052,-43.33599753501022,83.25470097979284,38.09633808735922,-63.78705638890884,-190.50485887753183
-27.51395380361589,-105.65187246944795,-18.053339156395467,160.35550956847348,-100.0528009202612,72.39142844393015,102.05061485313043,182.60970599947828,-66.75202970581195,-31.110796544611752,169.6819790187359,160.3312638996371,11.514167634940335,-15.213108951373778,-34.654235925815776,-49.83926447848887,-32.66721291677383,-24.71651446072847,50.85767540816525,110.96349297317082,101.38579128940528,-44.24971633373379,64.23416977862263,-38.69682043055102,-113.16241118801597,-65.82096619968866,32.41878768999286,-26.925293427868574,115.90545280837526,74.83919301333584,38.00992184714968,-147.64694507590715,-29.797706661243993,-56.82999433678912,-128.16616940636345,-85.18273964757901,-123.05998547788066,-260.7624676621448,-254.46194041618907,-126.81476104398448
-194.06148508203012,-220.47947977286293,-120.36928700328762,-222.1951124427056,-152.49038506530715,-174.30213340086075,-79.89745683756814,-97.77217985981473,-51.690086309925846,-106.34095833108823,-39.143113327986136,-26.56567455615805,24.49459067748193,-15.124490800569061,15.055188145164706,-36.82148920160176,67.27739411971058,-130.2705316691882,-33.493201490938844,20.234953527399416,-129.95547368005407,-192.04130377755072,-146.52075236127433,-483.13507790491633,-294.6200820900611,-450.63923075443506,-294.32849552114726,-212.07511364952154,-64.37913611636603,-73.97540993337319,-105.89072424141868,-125.5864918858693,-87.0648238816475,-184.2387654115736,-130.3087278461273,-42.15081701224133,-25.312345386306163,-89.88412670619641,-20.623377077526783,-10.325869475096766
63.35452693895562,-13.671055701458862,-201.8101517704976,-120.86360935908822,-40.41160198652102,24.164195845377257,267.83317791750267,108.70723393337896,-152.1317592054875,-156.85821148758822,35.94944498265322,139.8010737858479,-27.590119005470875,-70.37827651674169,-8.345449432110456,-54.84525363959639,-103.03820718817057,-175.77298723177455,-261.5201960309783,-238.24362668999058,-28.445892774872657,-101.59949341526838,-177.47232499065657,-29.375861404031767,-176.9392126688073,-168.99266648659457,-124.39984944183429,-37.83952390534532,-747.8366306485876,-260.7808288036717,-44.38897692063421,-91.11434360323202,148.99051019960072,25.381378183635125,-108.96504449020767,-286.23159281293493,-39.898617850540006,-259.9288002017218,-392.79414901188585,-761.7176328596236
-39.90358869410973,85.63082627824387,157.06882357193842,164.2952285236786,-71.2296133227245,64.52836333797757,106.14258218078443,163.83112858502608,-118.19820321307414,-91.74905680400293,-78.92468528824438,-36.64387115518711,-97.05979519791993,-67.02257179973923,-89.47833453740552,-156.66380026981534,60.414175121911846,20.4736884952584,-66.72136394053145,-28.64400950065018,-163.71797789800775,-77.80362106480325,-47.439983959954475,31.558376434389867,60.68993184966943,102.87774978501574,-14.593353425867356,-97.59112023737826,208.02584590059124,170.56625691818346,68.64960240660199,-11.417166482013485,27.540036841136722,-8.867046917648203,43.233502801685894,82.89476356552971,339.4901507028102,89.5129128716093,5.652760874433889,2.3303258652924086
-344.18061187853004,-169.87529173385425,-68.05719978460965,-8.985135598425074,-186.58964710157093,-202.91842841481542,-209.60188660499625,-72.63544929846768,-241.47959060225122,-197.4837058184769,-121.44414289491694,-287.14295179002863,-19.079319423335097,-0.8933264378401695,65.31316119292472,-60.97495847007471,72.4647969052138,-70.73278169034303,-46.41085134826547,-28.505190808210273,48.00566693180474,56.264972231753234,-40.0853263842577,-94.8254282662351,-556.3270491973299,-174.37101546589685,-252.61599334369805,-103.35476946775758,-305.9089626589623,-213.09506777027545,-375.36318332125006,-346.170037570034,-108.38210356531954,-23.971508914274494,-106.22961846292623,-272.7898215327667,-250.83749701706853,-236.1351406198328,-238.76143359806088,-195.10664782632247
-269.8710534425936,-106.09143358835968,-50.73402011096696,46.85391796204828,-191.29357200348494,-68.00952327865478,-10.293113099536086,-7.49681395868371,-49.594009384082966,-179.53721105547945,12.221275485319843,-25.685395469444472,122.25167203593935,49.902472360444534,5.608263853251387,22.95815432749572,-171.67266794728704,-59.09368941819608,-44.872204686239115,-26.95902513930414,-93.58657992118884,-62.183196877484,-27.37980025867119,-28.196380035203376,328.6883575552903,30.17781844860369,16.092292936915932,22.702823664813742,-64.84041362946519,-3.3229410730059143,-11.22966136930684,-113.42585679536383,-253.90423148128647,-169.48358725460358,-122.49288051532847,-17.029490566830273,-65.55481847167596,-83.50832582881732,-49.86239097787988,-14.002413039292389
-36.571592030916065,-33.02072526190115,126.22746573238652,85.47628688312372,-152.17132288483532,-3.7513893654097217,60.68563457138512,87.80193431731234,-37.16954842164115,-125.43205632336533,-1.3993402059744682,10.602664122365319,-27.26799591385269,-78.61852025572294,26.79101877907092,14.13432832276439,-62.38584864706632,-4.746873980797812,-19.59183924710422,-41.19844808720394,-144.11023771275745,-37.15623929771447,-65.24299859753751,-68.1503647788334,-11.629104505735278,96.11411181442034,-69.95963016915525,-186.19080959684618,-33.84272295260152,27.42875621499171,35.5661168986476,7.567423775035915,-61.314752108749374,-19.530841333605473,-14.844552868764119,29.171528723540778,-178.49628502290454,-31.146582772590456,-18.850589797938405,-49.80864393793857
646.0218670268421,154.2446871967004,123.07567741779752,79.64657349920745,206.26582235385348,7.373242982463516,127.14089770793288,177.21120236325942,-121.95870116460975,65.57854281948805,121.43590073933822,197.1558432715212,-97.25706283949938,-41.83950344455812,-33.98802888714426,-18.299158146853706,-35.40629615858615,94.51184871965057,89.75417473231657,58.715110634331836,15.760042476243349,-73.69139566756746,-55.3105382863241,-11.024918006237368,316.7202449799921,54.14470227234831,82.19976536508142,10.79730410047267,39.43044786925683,-41.38172280265135,-40.45851765060827,-63.466174818320134,-103.49953708696286,-89.23196570548325,-3.2807017276560373,55.614218814782404,85.21018300898025,-47.26040642132594,-62.17334985669489,-51.36202125177918
-323.6347413136853,-202.04391078876557,-117.70136851140245,-43.66330953195424,-303.38986179163965,-126.89682720526828,-116.06889156163001,-112.54750509634727,-95.60638475685158,-173.10991714743068,-191.65597181674522,-138.88962338066708,-0.5232467826556046,-58.11577147966104,-14.397797587627458,-46.24848219890589,92.46457019335095,190.2697678663348,113.90163408258883,-13.82798259833806,221.4760449599583,20.745004068710507,-1.157990104501259,-72.68845835414865,-65.50062300675661,-64.85168016084498,-123.04091374746865,-113.01630451518746,59.4885097545394,39.71521953496736,-33.69794354526388,-2.10078857276752,-264.6245255215169,-191.5104732059427,-217.88394426514859,-207.76737633333184,-105.32233469883548,-232.50368879326456,-187.74638958594875,-174.72538215318582
-309.17394289843116,-119.08832925915426,-97.99716562709222,46.101945241151206,-273.67155625784966,-127.34474526601562,-68.83406526821551,-184.16819456475463,-163.9557812273521,-211.05904175088867,-87.03802862864772,-43.092838184234466,-99.3974661488552,-113.29553919012943,-38.561738965769294,-43.88745083200244,-142.16252905042663,-106.81597953963832,-211.42861288860405,-224.0006457229062,-183.2296494113319,-137.6971553269896,-153.63826736703874,58.10069965693927,-211.6881356962595,-202.905481454484,-210.51431926749547,-177.9346545885771,-101.79295489635966,-206.98504195480973,-84.81660619655258,-92.8677127272227,-96.53331748549678,-141.02525314501645,-206.34589627887053,-169.84728302581675,-153.1852855059432,-120.8474390028532,-184.69680896869022,-316.2132448817721
